﻿5511942395874;
5511968481485;"""NÃ£o  estou disponÃ­vel no momento ,deixe sua msg e  assim que possÃ­vel retorno o contato...ðŸ˜˜"""
5511968481485;
5511972248611;
5511971035353;"""AgradeÃ§o o seu contato. Como posso ajudar? Assim que possÃ­vel retornarei sua mensagem, em casos urgentes levar ao hospital 24 horas."""
5511971055721;"""O AteliÃª Silvia PÃ³len agradece seu contato. Meu nome Ã© SÃ­lvia, como posso ajudar?"""
5511965890673;"""A VIVACOM Seguros agradece pelo seu contato. Como podemos ajudar?"""
5511973635294;"""Ola. obrigado pelo contato.  -> HORACIO NASCIMENTO -> Gerente Comercial -> Corporativo Grandes Contas ->  -> 011.97363-5294 -> HNascimento@positivo.com.br"" -> "
5511973635294;"""Ola. Obrigado pelo contato. -> HORACIO NASCIMENTO -> Gerente Comercial -> Corporativo Grandes Contas ->  -> 011.97363-5294 -> HNascimento@positivo.com.br"" -> "
5511971318247;
5511973726075;
5511967170021;"""Quem Ã©"""
5511972334725;
5511964021272;"""O TJ Artes Personalizadas agradece seu contato. Como podemos te ajudar? ðŸ˜Š"""
5511997100751;
5511973533041;
5511968958198;
5511942330068;"""OlÃ¡, nÃ£o teremos atendimento hoje. -> O Hot Dog Davila agradece o seu contato !"" -> "
5511964916094;"""â€ŽOficina Mecanica Garagem 35 agradece seu contato.Como podemos ajudar? -> Nosso horÃ¡rio de funcionamento ->  -> De segunda a sexta feira das 08:00 Ã s 18:00. ->  -> De sabado das 08:00 Ã s 12:00 ->  -> Agradecemos a sua compreensÃ£o."" -> "
5511962482803;"""â€ŽAngela CorrÃªa agradece seu contato. Como podemos ajudar?"""
5511969081057;
5511955578252;
5511999696767;
5511975406236;
5511973977919;"""â€ŽAteliÃª LaÃ§os de Mulher agradece seu contato. Posso ajudar ?"""
5511973251542;"""Boa tarde"""
5511973251542;"""SerÃ¡ um prazer lhe atender, obrigada pela preferÃªncia...ðŸ˜˜"""
5511957932105;
5511970734370;
5511970894900;
5511963966974;"""Agradecemos sua mensagem. NÃ£o estamos disponÃ­veis no momento, mas responderemos assim que possÃ­vel."""
5511963966974;"""â€ŽWilua AcessÃ³rios agradece seu contato. Como podemos ajudar?"""
5511972217869;
5511973252172;"""ðŸ–•"""
5511973252172;"""Para de me encher Obgd jÃ¡ eh o 5Âº nÃºmero que bloqueio"""
5511971131263;
5511973251841;"""OlÃ¡! Obrigado pela sua mensagem, responderei assim que possÃ­vel!!"""
5511970174006;"""Ola...JÃ¡ te retorno."""
5511943871317;
5511971008801;
5511942985829;?
5511955707963;
5511943044925;
5511975258214;"""NÃ£o moro em JundiaÃ­JÃ¡ bloqueeir 2 nÃºmeros -> SerÃ£o quantos?!"" -> "
5511975258214;"""PELAMORDEDEUS TIRA MEU NOME DESTA LISTA"""
5511953027663;
5511973951756;
5511982417428;"""O Lucas I Machado Corretor de imÃ³veis agradece seu contato. Como podemos ajudar?"""
5511971042786;
5511943002831;
5511955776364;
5511997383648;"""OlÃ¡! Tudo bem? AgradeÃ§o seu contato. Como posso ajudar? -> Gostaria de conhecer nosso trabalho? ðŸ˜ƒ -> www.saturnotoldos.com.br"" -> "
5511972221621;"""Precisa colocar um do bairro engordadouro ate o terminal central direto"""
5511998174958;
5511998174958;
5511972223644;
5511999381123;
5511941907676;
5511985872412;11999151515
5511946596544;
5511953008911;
5511995680494;"""Seja bem vindo(a)!O escritÃ³rio Heincklein Advogados Associados agradece o seu contato.  ->  -> Em breve retornaremos sua mensagem."" -> "
5511974214728;
5511968585092;"""â€ŽNaiara agradece seu contato. Como podemos ajudar?"""
5511942017499;"""AgradeÃ§emos seu contatoGostaria de  um orÃ§amento ?"" -> "
5511970895263;"""Agradecemos sua mensagem. NÃ£o estamos disponÃ­veis no momento, mas responderemos em breve!"""
5511970895263;"""â€ŽSamanta Tavares Advocacia e T&T Assessoria em LicitaÃ§Ãµes agradece seu contato. Como podemos ajudar?"""
5511971115040;"""OlÃ¡, tudo bem? Sou Daisy Vieira BiomÃ©dica Integrativa. Como posso te ajudar? Instagram: www.Instagram.com/debiomedsaude"""
5511971749742;"""Oi amiga, tudo bem? ðŸ¥°âœ¨ -> No momento estou em atendimento, mas assim que possÃ­vel sua mensagem serÃ¡ respondida.  ->  -> Para agilizar nosso contato, em que posso te ajudar? ->  -> _Para fotos e valores acesse o *catÃ¡logo* em meu perfil ðŸ˜˜_"" -> "
5511957767790;"""â€ŽFM COSMETICOSS agradece seu contato. Como podemos ajudar?"""
5511964705203;
5511971383571;
5511964887329;"""â€ŽVera Banho E Tosa agradece seu contato. Como podemos ajudar ?"""
5511971464284;"""â€ŽArco Iris Decoracoes agradece seu contato. Como podemos ajudar?"""
5511956304235;"""*Mensagem AutomÃ¡tica* Muito obrigado pelo seu contato e em breve o retornarei."""
5511940342398;"""Agradecemos sua mensagem. NÃ£o estamos disponÃ­veis no momento, mas responderemos assim que possÃ­vel."""
5511940342398;"""Seja bem-vindo(a) ...Por favor, aguarde que responderemos a todos, mesmo que demore um pouco, devido ao grande volume de mensagens."" -> "
5511941035682;"""â€ŽMP Consultoria agradece seu contato. Como podemos ajudar?"""
5511957744549;
5511940266452;
5511941012417;
5511941117530;"""Oii muito prazer me chamo Bianca Mortari mas pode me chamar de Bia. Sou do marketing afiliados e vou te passar todo o passo a passo pra vocÃª ter esses resultados incrÃ­veis tambÃ©m! *SALVE O MEU NUMERO* e me fale o *SEU NOME E SOBRENOME*"""
5511940885560;
5511999996881;"""O Reembolso Amato agradece seu contato. Como podemos ajudar?"""
5511941175436;
5511997186683;
5511971089456;"""â€Žmaxexpress.sp11 agradece seu contato. Como podemos ajudar?"""
5511971007248;
5511973976547;"""Seja bem-vindos(a) a irmÃ£os Guedes construÃ§Ã£o e revestimento LTDA ME! Estamos ansioso(a) para atendÃª-lo (a)"" -> "
5511973976547;"""â€ŽIrmÃ£os Guedes agradece seu contato. Como podemos ajudar?"""
5511941837398;"""E faz uma quadra pra nÃ³s"""
5511941837398;"""Faz um diretÃ£o pra acaba essa obra aqui na fepasa"""
5511974624398;
5511968444667;"""OlÃ¡!ðŸŒ·VocÃª  entrou em contato com a secretaria do consultÃ³rio do Dr. Marcelo Vaz eDr.Henrique Bella.  -> Como podemos lhe ajudar?"" -> "
5511971080522;"""Obrigado por entrar em contato com a PROLARMAQ,assim que possÃ­vel iremos retornar a sua mensagem!"""
5511971080522;"""A PROLARMAQ agradece seu contato. Como podemos ajudar?"""
5511971042828;"""Agradecemos sua mensagem. NÃ£o estamos disponÃ­veis no momento, mas responderemos assim que possÃ­vel. ðŸŒŸ Para agilizar o seu atendimento, deixe seu nome e dÃºvida e te responderemos em breve!!Nosso horÃ¡rio de atendimento Ã© das 9h Ã s 19h.  ->  -> Obrigada ðŸŒŸ"" -> "
5511971042828;"""â€ŽAS GUARDIÃƒS agradece seu contato. Como podemos ajudar?"""
5511941841063;
5511975725758;
5511971028891;
5511960587454;"""Seja Bem Vindo a MK OBRAS E ESQUADRIASHorÃ¡rio de atendimento de segunda a sexta 08:00 Ã s 17:00"""
5511964108880;"""Agradecemos sua mensagem. NÃ£o estamos disponÃ­veis no momento, mas responderemos assim que possÃ­vel."""
5511964108880;"""Greeice Personalizados agradece seu contato. Como posso te ajudar?"""
5511960605767;
5511972673859;
5511961872852;"""De novo ?"""
5511961935040;"""â€ŽOlÃ¡, eu sou Regina nosso horÃ¡rio de atendimento Ã© de segunda a sÃ¡bado das 10h as 18h. Aos domingos das 10h as 12h! Responderemos em breve ðŸ˜ƒ ->  -> Ohana bolos caseiros agradece seu contato. -> Como podemos ajudar?"" -> "
5511971383122;
5511953729290;
5511973978412;"""OlÃ¡ tudo bem? Aqui Ã© o RomÃ¡rio, Dr. Sobrancelha, sÃ³ um momento que logo falaremos."" -> "
5511963928445;"""â€ŽSÃ£o Jorge insencoes  e acessÃ³ria de cnh agradece seu contato. Como podemos ajudar?"""
5511953180477;
5511953180477;
5511995857348;"""OlÃ¡, bem vindo! Eu sou a â€ŽGigi CusttÃ´. Como posso te ajudar? E jÃ¡ que estÃ¡ aqui dÃª uma olhada no meu catÃ¡logo de serviÃ§os. Lhe responderei o mais breve possÃ­vel."""
5511998257007;
5511998257007;
5511964837996;
5511964950023;
5511970781800;
5511941520622;
5511972778094;
5511941764962;"""â€ŽLanchonete e Sorvetes Karequinha agradece seu contato. Como podemos ajudar?"""
5511942767573;
5511942767072;
5511972677820;
5511972781650;
5511972582728;"""Me bloqueia"""
5511972546733;"""â€ŽFarmaSil agradece seu contato. Como podemos ajudar?"""
5511972558969;
5511972566111;
5511972537382;
5511971158085;"""Onde posso consultar os horÃ¡rios do diretÃ£o Santa Gertrudes?"""
5511956177109;
5511956177109;
5511972243418;"""GTG MOTORS agradece seu contato. Como podemos ajudar?"""
5511953007525;"""Boa tarde esta no com oscilaÃ§Ã£o no sistema por favor entre em contato com o nÃºmero 11973680724"""
5511944498908;
5511953072339;
5511942203463;"""O SP SUSHI DELIVERY agradece seu contato. Como podemos ajudar?"""
5511953025342;
5511953101141;"""A coordenaÃ§Ã£o nÃ£o estÃ¡ atendendo via WhatsApp. Ligar na escola ,por gentileza.  -> 4039 -4958"" -> "
5511942435609;"""Mipeka modas agradece seu contato. Em breve entrarei em contato!ðŸ˜‰"""
5511995124279;
5511963826777;"""BebÃª Fraldas agradece seu contato. Como podemos lhe ajudar?"""
5511963797902;
5511974341582;
5511963866499;"""Como conseguiu meu numero?"""
5511964007484;"""Agradecemos sua mensagem. NÃ£o estamos disponÃ­veis no momento, mas responderemos assim que possÃ­vel."""
5511963733777;"""BOA TARDE!"""
5511971324234;"""Oi, tudo bem?Aqui Ã© a Shirley! Ã‰ um prazer ter vocÃª por aqui. -> Em que posso te ajudar? ðŸ˜Š"" -> "
5511963802599;"""Seja bem vindo(a) Ã¡ StarShopTop, estamos atenciosos para atendÃª-lo(a)!!! Em minutos retornamos seu contato! ðŸ’«"""
5511963243779;"""*Filipe:* -> Bem vindo a central de atendimento. Boa tarde! meu nome Ã© Jeferson, me confirme por gentileza: ->  -> - CPF do assinante (sem traÃ§os e pontos), para localizarmos o seu cadastro; ->  -> - Nome completo do titular; ->   -> Assim que confirmar os dados, estaremos dando continuidade no seu atendimento!â˜º"" -> "
5511963243779;"""Bem vindo (a) a *Mustanet* -> Por favor me informe seu Nome"" -> "
5511964070678;"""â€ŽSuporte Pw3 agradece seu contato. Como podemos ajudar?Nosso horario de atendimento segunda a quinta dÃ¡s 07h30 as 17h30 e as sextas 07h30 as 16h30"" -> "
5511956392820;
5511943673781;"""Agradecemos sua mensagem. NÃ£o estou disponÃ­veis no momento, mas responderei assim que possÃ­vel."""
5511943673781;"""â€ŽLemos2k agradece seu contato. Como posso ajudar?"""
5511973252548;"""OlÃ¡ ! Retornaremos com atendimento as 8:00 exceto ao domingo!  soluÃ§Ãµes em vidros o lugar certo para adquirir seu ENVIDRAÃ‡AMENTO , persianas , box , espelhos, portas e janelas de vidro ou alumÃ­nio ðŸ‡§ðŸ‡·"""
5511973252548;"""OlÃ¡ ! SoluÃ§Ãµes em Vidros agradece seu contato em breve um de nossos atendente irÃ¡ responder ! Somos uma empresa especializada em ENVIDRAÃ‡AMENTO DE SACADA, box , espelhos , tampos de mesa , fechamento de lavanderia , ->  e esquadrias de alumÃ­nio  -> Tudo com um excelente preÃ§os e qualidade !ðŸ‡§ðŸ‡·"" -> "
5511981891371;"""NÃ£o em JundiaÃ­"""
5511981891371;"""Moro em SÃ£o Paulo"""
5511981891371;"""OlÃ¡"""
5511972213450;"""NÃºmero errado"""
5511969129499;
5511964031012;
5511944678932;
5511950607766;"""Agradecemos sua mensagem. NÃ£o estamos disponÃ­veis no momento, mas responderemos assim que possÃ­vel."""
5511950607766;"""â€ŽKorecom Vendas agradece seu contato. Como podemos ajudar?"""
5511950472568;"""Agradecemos o contato!!Retornaremos assim que possÃ­vel."" -> "
5511950472568;"""*OlÃ¡ seja bem vindo!!*Somos uma Empresa especializada e certificada em assuntos tributÃ¡rios, fiscais, contÃ¡beis, paralegal e BPO."" -> "
5511952541617;"""Agradecemos sua mensagem. Em breve entraremos em contato"""
5511952541617;"""â€ŽRefrigeraÃ§Ã£o Basso agradece seu contato. Como podemos ajudar?"""
5511950885953;
5511964013176;
5511971106696;
5511952421015;
5511944553460;"""Cca Grossarl Campo Grande agradece seu contato. Assim que possÃ­vel entraremos em contato."""
5511971263253;
5511951669961;
5511972224607;
5511964989607;
5511966126468;
5511989727377;
5511961966135;
5511961964113;
5511964975452;"""OlÃ¡,tudo bem? Meu nome Ã© Daniele e estou aqui para te ajudar!"""
5511955503759;"""OlÃ¡! -> O horÃ¡rio de atendimento neste WhatsApp Ã© de segunda a sexta-feira das 09h00 Ã s 17h00.  ->  -> Retornarei o seu contato assim que possÃ­vel. ->  -> Para assuntos urgentes gentileza entrar em contato diretamente o escritÃ³rio atravÃ©s do telefone ou whatsapp, pelo nÃºmero: 11.4728-1793, disponÃ­vel de segunda Ã  sexta-feira, das 08h00 Ã s 18h00"" -> "
5511947614828;"""Recar Centro Automotivo agradece seu contatoJÃ¡ retornaremos para melhor atender ðŸš˜"""
5511947077192;
5511947451965;
5511963972655;"""OlÃ¡ tudo bem? A â€ŽMB Viagens e Turismo agradece seu contato. Aguarde alguns minutos que retornamos seu contato."""
5511955517451;
5511947606345;
5511943305492;
5511943367988;"""NÃ£o estamos disponÃ­veis no momento, mas responderemos assim que possÃ­vel. O BOA ENERGIA agradece a sua mensagem.HorÃ¡rio de funcionamento segunda a sexta - 08h Ã s 12h e 13h Ã s 16h30."" -> "
5511943367988;"""Bem-vindo ao atendimento BOA ENERGIA Delivery! -> Para agilizar seu o atendimento nos envie sua InstalaÃ§Ã£o ou NÂº CPF. -> *NÃ£o podemos receber mensagens de Ã¡udio e vÃ­deo.* ->  -> _De acordo com a Lei Geral de ProteÃ§Ã£o de Dados (LGPD), informamos que os dados coletados se destinam exclusivamente para que a sua solicitaÃ§Ã£o seja processada com maior presteza e seguranÃ§a. Esclarecemos que nÃ£o compartilhamos seus dados com terceiros._ ->  -> Acesse nosso vÃ­deo, com dicas de SeguranÃ§a:https://www.youtube.com/watch?v=YzbgHgHEcmY"" -> "
5511989853905;"""Quem Ã©?"""
5511971931962;"""Agradecemos sua mensagem. NÃ£o estamos disponÃ­veis no momento, mas responderemos assim que possÃ­vel."""
5511971931962;"""â€ŽSoares Advocacia e Consultoria agradece seu contato. Como podemos ajudar?"""
5511968662609;"""Agradecemos seu contato,assim que possÃ­vel responderemos a sua mensagem."""
5511968638948;"""Agradecemos sua mensagem. NÃ£o estamos disponÃ­veis no momento, mas responderemos assim que possÃ­vel."""
5511968638948;"""â€ŽThiago agradece seu contato. Como podemos ajudar?"""
5511968889023;Obg
5511971520904;
5511968499986;
5511968499986;"""â€ŽClaudio Marciano Casa Certa JundiaÃ­ agradece seu contato. Como podemos ajudar?"""
5511970883276;
5511970918813;
5511968413939;"""Obrigada por entrar em contato com a coordenaÃ§Ã£o, responderei assim que possÃ­vel.Para informaÃ§Ãµes sobre matrÃ­cula, declaraÃ§Ãµes, entrega de documentos ou bilhete estudante, ligue para 4488-2192 ou 4489-4875."" -> "
5511968553358;"""OlÃ¡! Sou ROSINETE Consultora ImobiliÃ¡ria, agradeÃ§o o teu contato. Em que posso ajudar?"""
5511970952775;
5511973677277;
5511973677277;"""ðŸ§ OlÃ¡ tudo bem?  -> Essa Ã© a conta comercial da MÃ©dica VeterinÃ¡ria Elidia, como posso ajudar?  ->  -> Assim que possÃ­vel responderei sua mensagem! ->  -> ðŸš¨ Em casos de suspeita de emergÃªncia, procure um hospital 24 horas. ->  -> Obrigada"" -> "
5511974229284;"""OlÃ¡, tudo bem?  -> Seja Muito Bem Vindo(a) ao atendimento da Auto Moto Escola SÃ£o JosÃ©,  queremos dar um atendimento exclusivo para vocÃª, Por isso pedimos para que nos informe o seu nome, por gentileza e no que podemos Te ajudar?  ->  -> Em breve iremos te responder. ->  -> Nosso horÃ¡rio de atendimento; -> De Segunda Ã¡ Sexta-feira das 09hrs Ã¡s 18hrs e aos SÃ¡bados das 09hrs Ã¡s 13hrs. ->  -> Em casos de urgÃªncia entre em contato diretamente nos telefones comerciais:  -> (11) 5928-1685 / (11) 5971-8444"" -> "
5511971777957;"""Agradecemos sua mensagem. NÃ£o estamos disponÃ­veis no momento, mas responderemos assim que possÃ­vel.Nosso horÃ¡rio de atendimento de Segunda a sexta-feira das 08:30 as 17:00 e de SÃ¡bado das 08:30 as 12:00"" -> "
5511971777957;"""OlÃ¡, tudo bem ? Seja bem-vindo a Alessandro Motos! Que bom que vocÃª escolheu nossa loja! Estamos Ã  sua disposiÃ§Ã£o. Primeiro, quero entender melhor o motivo do seu contato para que eu possa ajudar vocÃª!"""
5511971809876;
5511960244564;
5511982155618;"""OlÃ¡! Eu, Cassius, nÃ£o estou mais usando este nÃºmero! O mesmo serÃ¡ cancelado em breve. Entro em contato assim que possÃ­vel, se possÃ­vel for."""
5511974211330;
5511971839557;
5511973220020;
5511953723790;
5511953106860;"""Caro cliente,Nosso horÃ¡rio de atendimento Ã© de segunda Ã  sexta-feira, das 9h Ã s 17h. -> Caso queira fazer uma cotaÃ§Ã£o, deixe sua mensagem que retornaremos o quanto antes. -> Obrigado!"" -> "
5511953106860;"""A Artset agradece seu contato.Aqui Ã© o Henrique. -> Como posso ajudar?"" -> "
5511972292137;
5511962626000;
5511964701692;
5511974264015;
5511969699896;
5511969688393;"""â€ŽCOFAX agradece seu contato.ðŸ˜Š Como podemos ajudar?"""
5511997143819;
5511974403591;"""Agradecemos sua mensagem. NÃ£o estamos disponÃ­veis no momento, mas responderemos assim que possÃ­vel."""
5511974403591;"""â€ŽART_ TATTOO_LUCAO agradece seu contato. Como podemos ajudar?"""
5511964704221;"""Agradecemos a sua mensagem. NÃ£o estamos disponÃ­veis no momento, mas responderemos assim que possÃ­vel."""
5511964704221;"""O Aparecido agradece seu contato. Como podemos ajudar?"""
5511964193164;"""OlÃ¡! Seja bem vindo ao *ANDRADE CHAPA QUENTE*  -> ðŸ‘‡Agora com mais rapidez, faÃ§a o pedido no linkðŸ‘‡ -> https://whatsmenu.com.br/andradechapaquente -> ðŸ›µ PromoÃ§Ã£o Exclusiva apenas no link ðŸš€ ->   -> Equipe *ANDRADE CHAPA QUENTE*"" -> "
5511964193164;"""OlÃ¡! Seja bem vindo ao *ANDRADE CHAPA QUENTE*  -> ðŸ‘‡Agora com mais rapidez, faÃ§a o pedido no linkðŸ‘‡ -> https://whatsmenu.com.br/andradechapaquente -> ðŸ›µ PromoÃ§Ã£o Exclusiva apenas no link ðŸš€ ->   -> Equipe *ANDRADE CHAPA QUENTE*"" -> "
5511968528402;
5511963788804;
5511971462794;"""Agradecemos sua mensagem. NÃ£o estamos disponÃ­veis no momento, mas responderemos assim que possÃ­vel."""
5511971462794;"""â€ŽPatrÃ­cia Lima agradece seu contato. Como podemos ajudar?"""
5511971280347;"""Seja Bem vindo, Conceito Modas agradece seu contato. Como podemos ajudar?"""
5511974377994;
5511974346849;"""Por favor!!!"""
5511974346849;"""Nao quero que mande mais"""
5511974346849;"""Vcs ja mandaram uma mensagem dessa para mim"""
5511974353811;"""â€ŽGarden SÃ£o Caetano agradece seu contato. Como podemos ajudar?"""
5511974409937;"""ImobiliÃ¡ria Gn Max agradece seu contato. Como podemos ajudar?"""
5511974270276;"""OlÃ¡ -> Contato comercial -> HorÃ¡rio de funcionamento -> Segunda a sexta-feira das 09:00 atÃ© 18:00h. -> SÃ¡bado das 09:00 atÃ© 13:00h. ->  -> Assim que possÃ­vel retorno contato."" -> "
5511974284490;
5511974370664;Boa
5511974370664;"""Bia tarde quem Ã©?"""
5511973251681;"""OlÃ¡. ðŸ™‚Tudo bem? -> Digite o nÃºmero do serviÃ§o que deseja atendimento. ->  -> 1- Fotografia. -> 2- Compras no atacado. ->  -> Retornaremos o contato assim que possÃ­vel. ðŸ™‚"" -> "
5511973251681;"""OlÃ¡. ðŸ™‚Tudo bem? -> Digite o nÃºmero do serviÃ§o que deseja atendimento. ->  -> 1- Fotografia. -> 2- Compras no atacado. ->  -> Retornaremos o contato assim que possÃ­vel. ðŸ™‚"" -> "
5511972089095;
5511972079296;"""Seja bem-vindo(a) a Safety Transfers - SP! Estamos ansiosos para atendÃª-lo(a). -> Para agilizar seu orÃ§amento, clique no link https://bit.ly/formssafetytransfers"" -> "
5511972079296;"""Seja bem-vindo(a) a Safety Transfers - SP! Estamos ansiosos para atendÃª-lo(a). -> Para agilizar seu orÃ§amento, clique no link https://bit.ly/formssafetytransfers"" -> "
5511972090346;
5511972010754;
5511972267693;"""â€ŽFast Tvbox agradece seu contato. Como podemos ajudar?"""
5511972264642;
5511972257223;
5511972022865;
5511972022865;
5511971362894;
5511971695271;"""â€ŽWelfare Therapy agradece seu contato. Como podemos ajudar?"""
5511971352233;
5511971356098;"""*OlÃ¡! EstÃ¡ Ã© uma mensagem automÃ¡tica.*Seja bem-vindo(a) ao atendimento do polo *UNISA - Educacional Maya*. Iremos responder sua mensagem assim que possÃ­vel."" -> "
5511973430816;"""â€ŽClÃ­nica PraÃ§a Pamplona agradece seu contato. Como podemos ajudar?"""
5511973773745;"""Caro(a) cliente, AgradeÃ§o sua mensagem! ->  -> Eu, LuÃ­s FlÃ¡vio, infelizmente nÃ£o faÃ§o mais parte do Team da Editora DialÃ©tica. Sendo assim, peÃ§o gentilmente que direcione sua mensagem para a Consultora Viviane Barbosa, pelo telefone 11 93347-3282, ou pelo e-mail viviane.lopes@editoradialetica.com ->  -> Grato pela compreensÃ£o ðŸ˜Š"" -> "
5511973069824;
5511973408417;
5511972730810;
5511973814858;
5511973747468;"""ContÃ¡bil Solution - Depto Pessoal agradece seu contato. Como podemos ajudar?"""
5511973812340;"""Oieee, tudo bem?Em que posso te ajudar?ðŸ˜ƒ"" -> "
5511972451890;"""Quem passou meu contato ? Por que eu nÃ£o autorizei!"""
5511972353742;
5511972365732;"""Muito bom"""
5511972335163;"""OlÃ¡, sou Julian, Deca da TK Elevator - SP Interior. AgradeÃ§o seu contato. Como posso ajudar?"""
5511972388659;
5511972357039;"""OlÃ¡ que passo ajudar  te respondo  assim que possÃ­vel obrigado."""
5511972357039;"""OlÃ¡ Tudo bem  ?Agradecemos sua mensagem . mas NÃ£o estou disponÃ­vel no momento , deixa seu sua mensagem  assim que possÃ­vel, responderei sua mensagem mais rÃ¡pido possÃ­vel desde jÃ¡ agradeÃ§o"" -> "
5511972421321;"""iPhone Premium Agradece o seu Contanto! ðŸŽ‰ Me conte em que posso te ajudar...â€¢*AssistÃªncia TÃ©cnica *(me conte qual modelo e defeito)*Vendas/Trocas*(me conte qual modelo de interesse) -> *NÃƒO ATENDEMOS LIGAÃ‡Ã•ES, SOMENTE MSG VIA WHATSAPP *"" -> "
5511972326302;
5511972385971;020/010
5511972385971;"""Qdo irÃ¡ comeÃ§ar a funcionar estÃ¡ linha"""
5511972385971;
5511972385971;"""Precisamos mesmo"""
5511972385971;"""Que legal!!!"""
5511972385971;Nossa
5511997162665;
5511995077596;
5511997436672;
5511995668451;"""OlÃ¡, tudo bem?Aqui Ã© do EscritÃ³rio de Advocacia Daniela Flausino. -> Estamos muito felizes com o seu contato. -> GostarÃ­amos de saber como podemos ajudar vocÃª?"" -> "
5511974335317;"""Tere agradece seu contato. Como podemos ajudar? -> Temos diversos preÃ§os e artigos de cama, mesa e banho de qualidade!"" -> "
5511974266348;"""OlÃ¡! AgradeÃ§o seu contato.No que posso ajudar?"" -> "
5511974039318;
5511973090489;
5511973350740;
5511973273260;
5511973115472;"""â€Žtanque suave agradece seu contato. Como podemos ajudar?"""
5511973319513;"""â€ŽCristovan agradece seu contato. Como podemos ajudar?"""
5511975615826;
5511973287444;"""Professora DANIELA - LÃ­ngua Portuguesa agradece seu contato. Como posso ajudar?"""
5511973385761;"""O CamaleÃ£o agradece seu contato."""
5511973093125;"""boa tarde, tudo bem? -> nÃ£o sei o motivo para eu estar nessa lista pois nÃ£o sou residente de jundiaÃ­ e nÃ£o tenho relaÃ§Ã£o alguma com a cidade ->  -> quando possÃ­vel peÃ§o que me removam dessa lista, obrigado!"" -> "
5511973784222;"""â€ŽCantilar agradece seu contato. Assim que possÃ­vel jÃ¡ retorno"""
5511982722820;
5511971771571;
5511971769669;
5511971957776;
5511971818555;
5511971917979;
5511971859230;
5511972964332;
5511972964332;
5511972948014;"""Seja bem-vindo(a) a PED+1 Pastel -> *FAÃ‡A SEU PEDIDO PELO LINK ABAIXO!!* ->  -> ðŸ“± CardÃ¡pio Online (NÃ£o precisa baixar): ðŸ‘‡ -> http://App.menudino.com/pedmais1"" -> "
5511972890113;"""OlÃ¡ sou a SÃ´nia secretÃ¡ria do Dr.Willy e estou a sua disposiÃ§Ã£o.Devido ao grande nÃºmero de mensagens, nosso tempo de resposta pode levar alguns minutos.Sou muito grata pelo seu contato."""
5511972918787;
5511972860723;"""OlÃ¡, tudo bem? Agradecemos sua mensagem, te atenderemos assim que possÃ­vel. -> Para agilizar nosso atendimento, digite o nÃºmero abaixo para falar sobre: -> 1 - Assessoria e Cerimonial -> 2 - Produtos Personalizados ->     â†ª Nosso catÃ¡logo:  ->     https://wa.me/c/5511972860723"" -> "
5511972986858;
5511972879184;"""ParabÃ©ns"""
5511972879184;
5511973251276;"""Carlos Hidraufix agradece seu contato. Como podemos ajudar?"""
5511972923766;"""Porque nÃ£o estÃ¡ fÃ¡cil nÃ£o, principalmente a linha 968!"""
5511972923766;"""Esperamos melhoras mesmo no transporte!"""
5511972995115;
5511972985722;"""NÃ£o  tenho interesse moro em Suzano"""
5511972884810;
5511973649958;
5511973365930;
5511973252092;"""OlÃ¡,Em alguns instantes jÃ¡ iremos lhe atender, caso queira conhecer nossos produtos ou fazer um pedido delivery acesse o link: https://app.menudino.com/lafrutaacaisbc"" -> "
5511974657479;
5511976232389;"""Professora trabalhando presencialmente na Unidade Escolar. Atendimento aos responsÃ¡veis: quarta e quinta-feira das 11h30min as 13h. (presencial)CoordenaÃ§Ã£o e DireÃ§Ã£o Escolar, agendar horÃ¡rio pelo telefone 24517544"" -> "
5511974462639;"""OlÃ¡, Studio AngÃ©lica Miller agradece seu contato. ðŸ˜ƒEm instantes vocÃª serÃ¡ atendido."" -> "
5511977437779;
5511977437779;"""â€ŽLoja MagazineKaque agradece seu contato. Como podemos ajudar?"""
5511980120008;
5511973199694;"""OlÃ¡, tudo bem? Sou a NÃ¡dia como posso ajudar?Assim que possÃ­vel retornarei sua mensagem!Aos finais de semana pode demorar um pouco mais pra responder, devido a demanda de pedidos ser maior! Se for urgÃªncia, pode me ligar!HorÃ¡rio de atendimento das 08:00h Ã¡s 18:00h!"""
5511973251485;
5511973154310;
5511973211246;"""Agradecemos sua mensagem. NÃ£o estamos disponÃ­veis no momento, mas responderemos assim que possÃ­vel. Se quiser adiantar seu pedido favor : Pedido  -> EndereÃ§o  -> Forma de pagamento! -> Grato, Parada da Pamonha ðŸŒ½"" -> "
5511973191221;
5511973216576;"""OlÃ¡! AgradeÃ§o a sua mensagem. Como posso te ajudar?"" -> "
5511973251475;"""â€ŽRh1 - PMC agradece seu contato. Como podemos ajudar?"""
5511973960219;"""AgradeÃ§o sua mensagem mas nÃ£o estou disponÃ­vel no momento, assim que possÃ­vel entrarei em contato ðŸ¥° -> HorÃ¡rio de atendimento: 14:00 as 15:30"" -> "
5511973252585;
5511974490495;
5511989796027;"""â€ŽM.j Eletricista agradece seu contato. Como podemos ajudar?"""
5511973252397;"""Ielson Projetos e FabricaÃ§Ã£o  Agradece sua mensagem. NÃ£o estamos disponÃ­veis no momento, mas retornaremos assim que possÃ­vel.obrigado"" -> "
5511973252397;"""O Renove Planejados agradece seu contato. Como podemos ajudar?"""
5511973227084;
5511989994565;
5511991592162;
5511973970569;
5511998637718;
5511973975132;
5511973970753;
5511981458518;"""AgradeÃ§o sua mensagem, Responderei assim que possÃ­vel,atendimento de terÃ§a a sÃ¡bado. 09:00 as 19:00hs."""
5511982586311;
5511994821392;
5511974690706;
5511974846966;"""Bao tarde quem e"""
5511974846966;Ola
5511973557643;
5511973573181;"""OlÃ¡! AgradeÃ§o a sua mensagem. -> NÃ£o estou disponÃ­vel no momento, mas responderei assim que possÃ­vel. -> Obrigada por aguardar ðŸŒ»"" -> "
5511973557091;"""OlÃ¡ Somos do Hospital VeterinÃ¡rio Santa InÃªs. ->  *Cursos e EducaÃ§Ã£o Continuada* ->   -> Em que podemos ajuda lo?"" -> "
5511973557091;"""O Hospital VeterinÃ¡rio Santa InÃªsEducaÃ§Ã£o Continuada (Cursos) -> Agradece seu contato.  -> Como podemos ajudar?"" -> "
5511973535730;
5511997458760;"""â€ŽAntiguidades Casa do Velho agradece seu contato. Como podemos ajudar?"""
5511997484407;"""OlÃ¡, a Iany Bolos agradece seu contato. Em instantes iremos atender. Como podemos ajudar?"""
5511997173432;"""Oieee.... Salve nosso contato para receber nossas PromoÃ§Ãµes !!!! -> Estamos Localizados na Av. Paulista 2006 no 3â€¢ andarðŸ˜‰ ->  ->  -> Siga nosso Instagram: ->  -> https://www.Instagram.com/esteticasalomao/"" -> "
5511997412317;"""Me tira dessa merda de contato pelo amor de Deus....."""
5511997412317;"""DiretÃ£o filha?? Precisei usar o Ã´nibus urbano 15 dias para trabalhar saindo do Santa Gertrudes.... 5 vezes o Ã´nibus quebrou..... Pessoal nÃ£o aceita cÃ©dula nos Ã´nibus, fazendo a gente ficar naquela situaÃ§Ã£o constragedora na parte da frente da catraca, com mulheres em situaÃ§Ã£o vulnerÃ¡vel....."""
5511997454091;"""Qual produto gostaria?"""
5511997454091;"""Boa tarde!"""
5511997454091;"""â€ŽBrilhe Sua Marca agradece seu contato. Como podemos ajudar?"""
5511997456259;
5511997150088;
5511997457799;"""OlÃ¡. Em breve retornarei sua mensagem! Att. ClÃ¡udio R. Garcia."""
5511997443935;"""Agradecemos sua mensagem. NÃ£o estamos disponÃ­veis no momento, mas responderemos assim que possÃ­vel."""
5511997443935;"""â€ŽAndressa Matias Matias agradece seu contato. Como podemos ajudar?ðŸ˜‰"""
5511973252338;"""â€ŽDoce Mel Confeitaria Artesanal @docemel.confeitaria agradece seu contato. Como podemos ajudar?"""
5511973644267;
5511964788977;
5511974827110;"""Agradecemos sua mensagem. NÃ£o estamos disponÃ­veis no momento. Estamos EM UM CONGRESSO NOS APERFEIÃ‡OANDO Voltamos os atendimentos na QUINTA DIA 4ðŸ˜Š"""
5511974827110;
5511998743535;"""Agradecemos  seu contato   em breve retornaremos o mais breve  possÃ­vel, informe  seu nome, data do evento, e tipo de evento  Estamos  localizados  na estrada  do alvarenga  5017  -> Sete  praias  -> Fala com : Marcela"" -> "
5511975186767;"""Agradecemos sua mensagem. NÃ£o estamos disponÃ­veis no momento, mas responderemos assim que possÃ­vel."""
5511975186767;"""â€ŽTereza Cristina agradece seu contato. Como podemos ajudar?"""
5511995364010;
5511997263402;Oi
5511995309802;
5511995382809;"""Estou ausente neste momento! -> Por gentileza entre em contato pelo nÃºmero (35)34381095 WhatsAppðŸ˜ƒ. ->  -> Att, -> William Hoffman"" -> "
5511996526525;
5511996502813;"""N tÃ´ db"""
5511974616868;
5511974616868;
5511975023574;"""NÃ£o estamos disponÃ­veis no momento, mas entraremos em contato assim que possÃ­vel"""
5511975672068;"""â€ŽMAIS MINAS  PÃƒO DE  QUEIJO agradece seu contato. Como podemos ajudar?"""
5511973941992;
5511974590012;
5511975020565;
5511974660593;
5511974811372;"""OlÃ¡, responderemos assim que possÃ­vel."""
5511974811372;"""O EscritÃ³rio ContÃ¡bil MagalhÃ£es agradece seu contato. Como podemos ajudar?"""
5511987309688;
5511988883989;
5511988883989;
5511988904438;
5511989240645;
5511975311038;
5511986226151;"""OlÃ¡, eu sou a Gislaine consultora de negocios da Agape, tudo bem? Conforme entrou em contato, No que posso te ajudar?"" -> "
5511986226151;"""OlÃ¡, eu sou a Gislaine consultora de negocios da Agape, tudo bem? Conforme entrou em contato, No que posso te ajudar?"" -> "
5511989300422;
5511989300422;
5511986127841;
5511988340261;
5511988340261;
5511988340261;
5511988749871;"""Atendimento das 9:00 as 20:00 hrs."""
5511988749871;
5511974088413;"""Seja bem-vindo(a) a B3 Empreendimentos ImobiliÃ¡rios! Estamos ansiosos para atendÃª-lo(a)."""
5511974053434;"""AVISO!! NÃ£o faÃ§o mais parte da AgÃªncia Benjamin Constant/ Riachuelo! Favor entrar em contato com a agÃªncia PraÃ§a JoÃ£o Mendes  -> Situado Ã  Rua Onze de Agosto, 8 Centro Sp, ao lado da Catedral da SÃ©! ->  -> Seja bem vindo ao Santander, assim que possÃ­vel entrarei em contato! HorÃ¡rio de atendimento Segunda Ã  Sexta das  10:00 Ã s 17:30  -> Em caso de urgÃªncia ligar na agÃªncia em horÃ¡rio BancÃ¡rio.  -> Fone: 11 3111-2109 -> Central de atendimento 24 horas: -> Fone: 4004 3535"" -> "
5511974053434;"""AVISO!! NÃ£o faÃ§o mais parte da AgÃªncia Benjamin Constant/ Riachuelo! Favor entrar em contato com a agÃªncia PraÃ§a JoÃ£o Mendes  -> Situado Ã  Rua Onze de Agosto, 8 Centro Sp, ao lado da Catedral da SÃ©! ->  -> Seja bem vindo ao Santander, assim que possÃ­vel entrarei em contato! HorÃ¡rio de atendimento Segunda Ã  Sexta das  10:00 Ã s 17:30  -> Em caso de urgÃªncia ligar na agÃªncia em horÃ¡rio BancÃ¡rio.  -> Fone: 11 3111-2109 -> Central de atendimento 24 horas: -> Fone: 4004 3535"" -> "
5511974138102;
5511974237838;"""Agradecemos sua mensagem. NÃ£o estamos disponÃ­veis no momento, mas responderemos assim que possÃ­vel."""
5511974070281;"""Joyce Ramos agradece seu contato. Como podemos ajudar?"""
5511974161734;Vdd
5511974113757;"""â€ŽFragrance MetrÃ³pole  Agradece seu contato. Como podemos ajudar?"""
5511974639640;
5511974626736;
5511973333065;"""â€ŽEspaÃ§o de EstÃ©tica Erika Almeida agradece seu contato. Como podemos ajudar?"""
5511973318282;
5511973310349;
5511973653312;
5511973653312;
5511973973340;
5511973752518;
5511975628662;"""A Veste Festa agradece seu contato. Como podemos ajudar?"""
5511975624888;
5511998332258;"""Bem vindo a Musiart Loja e Escola de MÃºsica! ðŸŽ¶Como podemos te ajudar? ðŸ˜Š"" -> "
5511983040129;"""Agradecemos sua mensagem. NÃ£o estamos disponÃ­veis no momento, mas responderemos assim que possÃ­vel."""
5511983040129;"""A Daniela Vensighem School unhas agradece seu contato. Como podemos ajudar?"""
5511993972761;
5511976347900;"""Eu nem moro em jundiai"""
5511975093406;
5511975079099;
5511975353604;
5511974899141;"""â€ŽDal Pino - Eliana, agradece seu contato. Como podemos ajudar?"""
5511975418421;"""PlantÃ£o Radiomed comÃ©rcio e importaÃ§Ã£o LTDA agradece seu contato. Como podemos ajudar?"""
5511974963856;"""Seja bem-vindo(a) a Santana Vidros! Estamos ansiosos para atendÃª-lo(a)."""
5511975051978;
5511975381519;"""OlÃ¡! Obrigado pelo seu contato.  -> Nosso atendimento on-line estÃ¡ disponÃ­vel de segunda a sexta-feira, das 8h Ã s 17h. ->  -> Responderemos sua mensagem assim que possÃ­vel.  ->  -> Nos acompanhe pelas redes sociais @insararas ou acesse o nosso site www.insararas.com.br"" -> "
5511975381519;"""OlÃ¡! Obrigado pelo seu contato.  -> Nosso atendimento on-line estÃ¡ disponÃ­vel de segunda a sexta-feira, das 8h Ã s 17h. ->  -> Responderemos sua mensagem assim que possÃ­vel.  ->  -> Nos acompanhe pelas redes sociais @insararas ou acesse o nosso site www.insararas.com.br"" -> "
5511975380662;Oi
5511999931402;
5511995202371;"""CAMIS ContabilidadeDpto Pessoal ->  ->  Contatos: ->  -> ðŸ“ž 11 99966-9456 = Fiscal -> ðŸ“ž 11 99966-9577 = Legal -> ðŸ“ž 11 99966-4431 = Contabil -> ðŸ“ž 11 97447-6637 = RecepÃ§ao ->  -> Em que podemos lhe ajudar?"" -> "
5511999125603;
5511999378377;"""ParabÃ©ns pela iniciativa de melhoria,para nosso bairro! Muito obrigada!"""
5511996985239;"""OlÃ¡ meu amores aqui Ã© a Clau tudo bem ? Que bom que entrou em contato conosco. Como posso te ajudar ?"""
5511995016713;"""Molas Casa Verde agradece o seu contato. Como podemos ajudar vocÃª?"""
5511998173311;"""Tem oque fazer nÃ£o"""
5511998173311;"""E pra que tÃ¡ me mandando isso"""
5511998173311;"""Quem e"""
5511999163655;"""NÃºmero errado"""
5511998100542;
5511996725531;"""Barbearia varÃ£o dos cortes agradece seu contato, no momento nÃ£o estou disponÃ­vel , mas responderemos sua msg assim que possÃ­vel ðŸ˜Ž"""
5511996725531;"""â€ŽPaulo barbeiro agradece seu contato. Como podemos ajudar?"""
5511984133785;
5511983706976;"""Agradecemos sua mensagem. NÃ£o estamos disponÃ­veis no momento, mas responderemos assim que possÃ­vel."""
5511983706976;
5511997820346;
5511998084735;"""Boa tarde"""
5511995896887;
5511995607949;"""Oque Ã© isso?"""
5511995607949;
5511998895399;
5511995001778;"""â€ŽOlivato Zulli Advocacia agradece o seu contato."""
5511995222399;
5511995222399;
5511973973930;
5511995467733;
5511995493682;
5511995103904;"""OlÃ¡ querido(a) cliente! ðŸ‘‹ Estamos de recesso atÃ© dia 20/08, iremos retornar com a programaÃ§Ã£o normal nessa data âœ¨.  NÃ³s agradecemos a compreensÃ£o e atÃ© breve ðŸ˜™"""
5511995103904;"""Seja bem-vindo (a) a Snow Land sorveteria!    Em breve iremos responder a sua mensagem ðŸ˜‰"""
5511981076458;
5511997995366;
5511985521887;"""Quem e"""
5511997928883;
5511996737019;"""â€ŽTelÃºrica Noivas agradece seu contato. Como podemos ajudar? OBS NÃ£o enviamos fotos, NÃƒO ATENDEMOS LIGAÃ‡Ã•ES FAVOR NAO INSISTIR!!"""
5511975853123;"""Mais eu sou de Mogi"""
5511975542435;"""â€ŽMercado Luvipe agradece seu contato. Como podemos ajudar?"""
5511975469108;
5511997681700;"""â€ŽCompre Barato Inox agradece seu contato. Como podemos ajudar?"""
5511975504625;
5511975809483;"""â€ŽNoiz Por Noiz Canal agradece seu contato. Como podemos ajudar?"""
5511964787838;
5511995401614;"""Aqui Ã© o Dennys, vendedor da Camisetas em 12h"""
5511995401614;"""OlÃ¡ tudo bem?"""
5511995401614;"""OlÃ¡, a â€Ž12 Horas agradece seu contato. Como podemos ajudar? ðŸ˜Š"""
5511999586453;
5511995756403;"""SerÃ¡ Ã³timo"""
5511999582200;
5511996877127;Golpe!
5511995840765;"""OlÃ¡, no momento estou ausente. Assim que possÃ­vel responderei sua mensagem.(mensagem automÃ¡tica)"" -> "
5511995848892;"""Importante para continuarmos:"""
5511995890552;"""Agradecemos sua mensagem. NÃ£o estamos disponÃ­veis no momento, mas responderemos assim que possÃ­vel."""
5511995890552;"""â€ŽEder agradece seu contato. Como podemos ajudar?"""
5511995831399;
5511995731655;
5511989215633;"""â€ŽEronilsa agradece seu contato. Como podemos ajudar?"""
5511996643610;
5511996575636;
5511984226439;
5511978932692;
5511984086981;
5511984589243;
5511995384357;"""Oie!Bom te ver por aqui ðŸ˜Š -> Para agilizar seu atendimento jÃ¡ me fala seu nome, e em que posso te ajudar"" -> "
5511995305416;"""Seja bem vindo! Obrigada por entrar em contato. Responderei assim que possÃ­vel. ðŸ˜ŠðŸ‘‘"""
5511995385836;
5511995385836;"""â€ŽPet Patinhas De Anjo agradece seu contato. Como podemos ajudar?HorÃ¡rio de atendimento de terÃ§a a  sexta das 9:00 as 18:00 aos sÃ¡bados das 8:30 as 15:00"" -> "
5511993795031;
5511996309823;
5511996157476;"""Deus abenÃ§oe que passa prÃ³ximo a foxcom"""
5511996157476;"""Que bom"""
5511996677015;
5511996170483;"""OXI MAS EU NEM SOU DESSA CIDADE AI"""
5511996667420;
5511996303248;
5511996228700;"""tem vaga de emprego para menor de idade?"""
5511996660383;"""Dp Store agradece seu contato. Como podemos ajudar?"""
5511996143075;"""Quem e"""
5511996281954;"""â€ŽRemafer agradece seu contato. Como podemos ajudar?Att:tiago"" -> "
5511998874411;"""OlÃ¡! Kleber Cardozo Dionisio e Advocacia Cardozo, agradecemos o seu contato. Em breve retornaremos!"""
5511996471208;
5511998848208;
5511998990180;
5511998597366;"""â€ŽDpelo agradece seu contato. Deixe sua mensagem e responderei o mais rÃ¡pido possÃ­vel ðŸ˜‰"""
5511996040499;
5511996032624;
5511996340768;
5511996025759;
5511996352718;"""â€ŽPaulo Sergio agradece seu contato. Como podemos ajudar?"""
5511995959938;"""Seja bem-vindo(a) a Wallpetro!Meu nome Ã© Mariana, tudo bem? -> Como posso te ajudar?"" -> "
5511995968255;
5511996323171;
5511995985210;"""â€ŽJÃºlio Santos agradece seu contato. Como podemos ajudar?"""
5511996030901;
5511996038136;
5511996809569;"""OlÃ¡,  somos da CoordenaÃ§Ã£o de Cuidados em SaÃºde Mental da Amil - Unidade TatuapÃ©.  -> Nosso horÃ¡rio de atendimento: -> Segunda a sexta feira,  das 7 Ã s 12h. ->  -> Pode deixar o recado que respondemos assim que possÃ­vel."" -> "
5511964792751;"""OLA ! TUDO BEM ?, CHARMY ADESIVOS agradece seu contato. Sou Michelly  representante comercial ,Como posso te ajudar ?"""
5511999934763;"""Por gentileza, poderia me informar o seu nome?"""
5511999934763;
5511999934763;"""OlÃ¡, eu sou a assistente virtual da Bornlogic. Estou aqui para te ajudar a encontrar o que precisa. Conte comigo !  ðŸ˜Š"""
5511999977932;"""â€ŽRemax Rede Pro V agradece seu contato. Como podemos ajudar?"""
5511995596241;
5511995805933;"""â€ŽLsa Distribuidora De Som E Acessorios agradece seu contato. Como podemos ajudar?"""
5511999283742;"""Agradecemos sua mensagem. NÃ£o estamos disponÃ­veis no momento, mas responderemos assim que possÃ­vel.ðŸ˜‰"""
5511999283742;"""Agradece seu contato. HorÃ¡rio de atendimento de segunda a sexta-feira das 10h as 16h. Como podemos ajudar?ðŸ˜„"""
5511998348745;
5511999213768;"""â€Žclaro agradece seu contato. Como posso ajudar?"""
5511996607418;
5511999721620;"""EM AUDIÃŠNCIA. Deixe seu recado escrito.  Att,"""
5511995431786;
5511996753093;
5511997650366;"""OlÃ¡, vocÃª estÃ¡ aqui para consultar um trabalho de meio perÃ­odo de telefonia mÃ³vel?"""
5511997617688;
5511997553323;"""OlÃ¡, Como vai?â€ŽContadora Modesto agradece seu contato.  ->  -> Como podemos ajudar?"" -> "
5511997641160;
5511997613486;"""â€ŽJessica agradece seu contato. Como podemos ajudar?"""
5511999601092;
5511964873437;"""NÃ£o sou de jundiai"""
5511964873159;
5511998001311;"""OlÃ¡! Time da JHM Perfumaria & CosmÃ©ticos agradece o seu contato, nesse exato  momento nÃ£o estamos disponÃ­veis. Nosso horÃ¡rio de funcionamento Ã© das 08h00 Ã s 17h00, porÃ©m nÃ£o se preocupe, responderemos sua mensagem o mais rÃ¡pido possÃ­vel!! ðŸš€ðŸš€"""
5511998001311;"""Seja bem-vindo a JHM Perfumaria & CosmÃ©ticos !! A essÃªncia de um perfume registra momentos e lembranÃ§as em sua memÃ³ria ðŸ’­ðŸ˜Š ðŸ˜‰"""
5511964913517;"""Eliane Reis agradece seu contato. Como podemos ajudar? EstÃ¡ Ã© uma conta comercial, em breve retornarei seu contato."""
5511964923754;"""Ro Oliveira agradece seu contatoPara orÃ§amento e agendamentos pedimos que chame no WhatsApp do SalÃ£o 1199874-5110 ðŸ˜˜"" -> "
5511999057310;
5511999167239;
5511964931792;
5511999276456;
5511998812560;
5511997684222;
5511964772546;
5511971006610;"""Para pedido chamar no nÃºmero 11 3379-7848 (link wa.me/551133797848) -> Equipe Firstweb"" -> "
5511999052769;
5511998146127;
5511998146127;
5511999187773;"""Boa tarde"""
5511964931877;
5511999097904;"""â€ŽMm.Mix agradece seu contato. Como podemos ajudar?"""
5511964808713;"""ComeÃ§a a valer desde quando"""
5511964808713;
5511997091436;
5511997124714;
5511999282475;"""â€ŽXispa LocaÃ§Ã£o agradece seu contato. Como podemos ajudar?"""
5511997050891;
5511997116165;"""â€ŽCenter Carnes Lopes agradece seu contato. Como podemos ajudar?"""
5511997042234;
5511997100069;"""Oi boa tarde"""
5511997088124;
5511995718629;
5511996795330;
5511995866239;
5511995863896;
5511971009599;"""â€ŽLife Kids agradece seu contato. Como podemos ajudar?"""
5511998447844;
5511998388941;
5511998428580;"""Agradecemos sua mensagem. NÃ£o estamos disponÃ­veis no momento, mas responderemos assim que possÃ­vel."""
5511998428580;"""â€ŽRosinha agradece seu contato. Como podemos ajudar?"""
5511998065310;
5511998094959;"""Para darmos inÃ­cio, poderia me informar o seu nome completo, e-mail e telefone para contato?"" -> "
5511998094959;"""OlÃ¡! Tudo bem? Me chamo Ramon E fico feliz por ter optado pelo nosso Canal de atendimento, Ã© uma  -> satisfaÃ§Ã£o te receber por aqui!ðŸ’— SÃ³ preciso que fique online  -> comigo, tudo bem?"" -> "
5511998094959;"""A fim de evitar transtornos, caso nÃ£o haja interaÃ§Ã£o conosco por 10 minutos, a nossa conversa serÃ¡ encerrada por inatividade, retornando ao menu principal. Em que posso ajudÃ¡-lo?"""
5511998094959;"""Obrigado por aceitar e nos permitir enviar mensagens a vocÃª."""
5511998060859;
5511998394360;
5511999985413;
5511997863100;"""Toninho agradece o seu contato como podemos ajudar"" -> "
5511997865598;
5511997497606;
5511997497606;"""â€ŽKELLY NAILS DESIGN agradece seu contato. Como podemos ajudar?"""
5511995918978;"""OlÃ¡ . Seja bem vindo  ao EspaÃ§o Mulher Cabeleireiros. Assim que possÃ­vel retornaremos sua mensagem. Enquanto isso me conte como podemos lhe ajudar ?"""
5511998620123;
5511995423367;"""â€ŽMS CONTABIL - DEPTO PESSOAL agradece seu contato. Como podemos ajudar? Aguarde um momento que assim que possÃ­vel responderemos ðŸ˜ƒ"" -> "
5511995571654;"""OlÃ¡ somos da Ã“tica Prisma agradecemos o seu contato, responderemos o mais breve possÃ­vel! No que podemos te ajudar hoje?"""
5511997280396;"""Seja bem vindo(a) a Beco ImobiliÃ¡ria! Estamos ansiosos para atendÃª-lo(a). -> Responderemos em breve."" -> "
5511997371454;
5511997311822;"""Agradecemos sua mensagem. NÃ£o estamos disponÃ­veis no momento, mas responderemos assim que possÃ­vel."""
5511997311822;"""â€ŽEngepolar agradece seu contato. Como podemos ajudar?"""
5511996796264;
5511997921585;
5511997954050;"""â€ŽNetwork Fiber agradece seu contato. Como podemos ajudar?"""
5511997684351;"""â€Žgoh agradece seu contato. Como podemos ajudar?"""
5511998004366;
5511998112778;"""O CÃ¢ndido NÃ¼ske Advocacia agradece seu contato. Como podemos ajudar?"""
5511997937325;
5511997956283;
5511997682420;
5511996983939;
5511996750639;
5511997004641;
5511997004641;
5511964989101;"""Agradecemos seu contato em breve retornaremos  -> HorÃ¡rio de atendimento -> das 08:00 as 12:00 horas  -> das 13:00 as 18:00 horas  ->  -> SÃ¡bado: das 09:00 as 12:00 horas  ->  -> Fechado para almoÃ§o das 12:00 as   13:00 horas ->  -> Visite nosso site www.meucomercio.com.br/aestherpapelaria"" -> "
5511964989101;"""A&ESTHER papelaria e chaveiro agradece o seu contato. -> Visite nosso site: www.meucomercio.com.br/aestherpapelaria"" -> "
5511964976489;
5511964846792;"""â€ŽEspaÃ§o Simone Ferreira agradece seu contato. Como podemos ajudar?"""
5511964831618;"""OlÃ¡ Sou Fabiano conserva , Florista & Personal Concierge. Como posso te ajudar? -> Hi Iâ€™m Fabiano conserva Florist and Personal concierge thanks your contacts.  How can we help you?"" -> "
5511964809729;"""Como conseguiu meu nÃºmero?"""
5511964775098;
5511964857011;
5511964828004;"""E o canÃ¡rio"""
5511964828004;
5511996169909;
5511996502900;
5511999666903;"""Trigoland fÃ¡brica de salgados, agradecemos seu contato. Em breve lhe atenderemos!"""
5511996420418;"""â€ŽJuliana Melo agradece seu contato. Logo mais entrarei em contatoðŸ˜‰"""
5511998816035;
5511999674343;
5511998630989;
5511998894488;"""Pastel top 10 agradecer seu contato como podemos ajudar ? FaÃ§a seu pedido ðŸ‘‰https://app.cardapioweb.com/pastel_top_10_varzea"""
5511965511872;
5511998549627;"""Agradecemos sua mensagem. Ja iremos atende-loðŸ˜ƒ"""
5511998549627;
5511999618723;
5511999498750;
5511999528069;"""â€ŽA sky agradece seu contato. Como podemos ajudar?Atenciosamente Consultora Isabela!"""
5511999558998;
5511999630557;"""e essa mÃºsica de tutorial Ã© dose"""
5511999630557;"""errou o target meu caro amigo social media"""
5511999630557;"""eu nem sou de JundiaÃ­."""
5511999471681;
5511999479745;"""â€ŽToninho - GT Esquadrias agradece seu contato. Como podemos ajudar?"""
5511999262234;
5511999364798;
5511999227145;
5511999212939;"""OlÃ¡ tudo bem?? ðŸ˜Š -> No momento estamos em atendimento, mas assim que possÃ­vel retornaremos sua mensagem!  ->  -> Nosso atendimento Ã© em horÃ¡rio cronolÃ³gico, para adiantar seu atendimento, se quiser nos enviar oque precisa, assim que possÃ­vel entraremos em contato, obrigada ðŸ˜‰"" -> "
5511999212939;"""NÃ³s do Mundo Das Pratas agradecemos o seu contato. -> Esse canal Ã© exclusivo para o atendimento e vendas no atacado.  ->  -> Para que possamos conversar: -> Qual seu nome? -> De qual cidade vocÃª Ã©?  ->  -> Retornaremos o mais breve possÃ­vel com todos os detalhes de como funciona nosso trabalho. ->  -> Desde jÃ¡ agradecemos seu contato ðŸ¥°"" -> "
5511999578369;Ola
5511999362422;
5511999609437;"""OlÃ¡, seja bem vindo Ã  *LBF Semijoias SP* ! Meu nome Ã© Milena e quero dizer que serÃ¡ um prazer te atender! O nosso atendimento on-line funciona por ordem de chamada e para agilizar nossa conversa, gostaria que vocÃª me contasse um pouco mais sobre vocÃª: seu nome, cidade, se jÃ¡ trabalha com semijoias e quanto tempo faz que estÃ¡ no mercado."""
5511995959478;
5511998737264;
5511998665155;
5511998724037;"""A Bio Ritmo Santana agradece seu contato! -> Assim que possÃ­vel, retornaremos o seu contato. -> Obrigado!"" -> "
5511998724037;"""A Bio Ritmo Santana agradece seu contato. Como podemos ajudar?"""
5511998791332;
5511998357774;
5511998880206;"""David Santana agradece seu contato. Como podemos ajudar? -> Caso eu demore a responder, utilize um dos canais abaixo para uma resposta mais rÃ¡pida: -> ðŸ“ž(11) 3045-4011 - opÃ§Ã£o 3 -> âœ‰suporte@keyence.com.br"" -> "
5511997826059;
5511998898958;"""A Delgado Soldas agradece o seu contato. Como podemos ajudar vocÃª?"""
5511997875954;"""Caro (a) Cliente,No momento nÃ£o consigo atender.Assim que possÃ­vel, retorno!Aproveito para informar que em breve vocÃª receberÃ¡ um SMS do nÃºmero 271-81 para avaliar o nosso atendimento.As notas 9 e 10 informam que vocÃª estÃ¡ satisfeito com nosso atendimento e nos recomenda para outras pessoas.Sua resposta Ã© muito importante para minha carreira!"""
5511997383124;
5511996986765;
5511971125049;
5511971027639;
5511971030555;"""Agradecemos sua mensagem. NÃ£o estamos disponÃ­veis no momento, mas responderemos assim que possÃ­vel."""
5511971030555;"""Quentefrioar agradece seu contato. Como podemos ajudar?"""
5511971026456;
5511966694699;
5511967194844;
5511968428584;"""Seja Bem Vinda!A â€ŽLoja Meu Segredo agradece seu contato.Como posso te ajudar? -> Segue a loja no Instagram e fiquei por dentro das novidades https://instagram.com/_meusegredo_?utm_medium=copy_link"" -> "
5511968526460;
5511967189181;
5511967025089;
5511968525292;"""Obrigado pela preferÃªncia.  -> Acesse nosso cardÃ¡pio clicando aqui: ->  -> japabutanta.ola.click/products ->  -> Para pedidos e cardÃ¡pio acesse o mesmo link."" -> "
5511996935420;
5511996948420;"""*[ Resposta AutomÃ¡tica ]* -> No momento, estamos fora do horÃ¡rio de atendimento: -> Das 10h00 Ã s 16h00. ->  -> Deixe sua dÃºvida."" -> "
5511996948420;"""*[ Resposta AutomÃ¡tica ]*[  www.LeilaoOnline.NET ] ->  -> A Rossi LeilÃµes agradece seu contato. ->  -> Favor informar a *data, hora e lote do leilÃ£o* no qual possui dÃºvida, queira realizar visitaÃ§Ã£o  ou proposta. ->  -> Em breve retornaremos o contato."" -> "
5511968428192;"""Oi, obrigada pelo seu contato! ðŸ’• Meu nome Ã© Carol e vou te atender aqui na Aine B AcessÃ³rios! Como posso te ajudar?"""
5511966710829;
5511966710829;
5511968162822;
5511971034887;
5511968624570;
5511964971907;"""Nossos serviÃ§os sÃ£o personalizados, diferenciado e baseado em confiabilidade e experiÃªncia, em que podemos ajudar?"""
5511998206440;
5511968528928;"""Eu nÃ£o sou de JundiaÃ­"""
5511968476809;
5511968468846;"""OlÃ¡, Seja muito bem vindo! Sou o DJ Gabriel FalcÃ£o e estou a sua disposiÃ§Ã£o! Para que possamos agilizar nosso atendimento, poderia nos informar:Data do Evento: -> Local do Evento: -> Para nÃ³s, serÃ¡ um prazer atende-los! ->  -> Respondo todas as mensagens entre as 16:00 e 20:00."" -> "
5511968499889;
5511968498893;
5511968712314;
5511965819696;
5511967811405;"""OlÃ¡, ConsultÃ³rio da Dra Juliana agradece o seu contato. Como podemos ajudar?"""
5511968160069;
5511966586672;"""â€ŽProfessora Sueli agradece seu contato. ðŸ˜Š"""
5511965467029;"""Agradecemos sua mensagem. NÃ£o estamos disponÃ­veis no momento, mas responderemos assim que possÃ­vel."""
5511965872145;"""O Auto Socorro Leonidas agradece seu contato. Como podemos ajudar?"""
5511968160982;
5511968160179;"""â€ŽReal MB eventos agradece seu contato. Como podemos ajudar?"""
5511968160285;"""Agradecemos sua mensagem. NÃ£o estamos disponÃ­veis no momento, mas responderemos assim que possÃ­vel."""
5511968160285;"""â€ŽItaÃº Unibanco agradece seu contato. Como podemos ajudar?"""
5511969775679;
5511968627037;"""OlÃ¡! â€ŽDespachante AUTRAN agradece seu contato. Para agilizar o atendimento de consultas, por favor, informar o serviÃ§o e renavam, assim que possÃ­vel retornaremos por mensagem! ðŸ˜‰"""
5511968627037;"""OlÃ¡! â€ŽDespachante AUTRAN agradece seu contato. Para agilizar o atendimento de consultas, por favor, informar o serviÃ§o e renavam, assim que possÃ­vel retornaremos por mensagem! ðŸ˜‰"""
5511968626780;
5511969490449;"""OlÃ¡! Como vai?Seja bem-vindo e obrigado por entrar em contato com a Loja Fazendo Arte! Em que podemos te ajudar?"" -> "
5511969415570;
5511969178146;"""â€ŽMARCOS LEITE agradece seu contato. Como podemos ajudar?"""
5511968641501;"""â€ŽVidraÃ§aria Polvilho agradece seu contato. Como podemos ajudar?"""
5511969139589;
5511964935013;
5511997546781;
5511997546781;"""VocÃª sabia?Existem meios legais, que podem tirar as restriÃ§Ãµes do seu nome e da sua empresa ? ConheÃ§a um pouco mais sobre nossa empresa e nosso trabalho, estamos Ã  disposiÃ§Ã£o para ajudÃ¡-los.Atuamos de acordo com ART. 42, 43 e 86 do CDC tudo isso dentro da lei."""
5511970983129;
5511971093706;"""â€ŽNilza Barrado agradece seu contato. Como posso ajudar?ðŸ“±"""
5511971091870;
5511968274352;"""OlÃ¡,Tudo bem? Seja bem vinda ao caminho para aumentar sua auto estima! -> Se eu nÃ£o responder rapidinho Ã© por que estou atendendo!  -> Para adiantar peÃ§o que vocÃª me informe: -> Ã‰ a primeira vez que vocÃª estÃ¡ fazendo comigo? -> O que vocÃª gostaria de fazer? -> Quais sÃ£o os melhores dias e horÃ¡rios para eu te atender?"" -> "
5511968163411;
5511968423581;
5511968415335;
5511968274459;"""Instituto GilbertoBezerra  agradece seu contato. Como podemos ajudar?"""
5511968170021;
5511968163977;"""OlÃ¡ Querido Cliente,  -> Estamos trabalhando apenas com encomendas programadas de minis pasteis,  ðŸ›µðŸ’« ->   -> ðŸ’¥ CardÃ¡pio para verificar sabores e valores :  ->  https://saboresdeboraceia.goomer.app ->  ->  ->  Att.  ->  -> Sabores de boraceia"" -> "
5511968425844;
5511968163224;
5511968163933;"""âœ¨AutomÃ¡tico ðŸ’«  -> OlÃ¡ tudo bem ? -> Nosso horÃ¡rio de atendimento do WhatsApp e de seg a sexta 10h as 17h ->  -> SÃ¡bados 10h as 14h ->  -> No EstÃºdio somente com hora marcada  ->  -> NÃ£o trabalhamos as segunda feiras . ->  -> Assim que possÃ­vel responderemos suas mensagem ."" -> "
5511968408423;
5511965264502;
5511965025503;
5511967662769;"""SÃ³ falta agora colocar cobrador em TODOS os Ã´nibus. Ã‰ inadimissÃ­vel ver o povo andando de graÃ§a, lotando a parte da frente do Ã´nibus. E descem sem pagar antes de chegar no terminal.  -> Um horror"" -> "
5511967662769;
5511967660015;
5511965013494;
5511967580438;
5511967668234;"""Para ben"""
5511967770724;
5511964997471;"""â€ŽFabio Henrique agradece seu contato. OlÃ¡ tudo bem como podemos ajudar ðŸ’š?"""
5511967524261;
5511965368086;
5511965156801;
5511943604752;
5511999646338;"""OlÃ¡, bem vindo (a) a clÃ­nica da Dra Sarah! Assim que possÃ­vel iremos retornar sua mensagem! Funcionamos de Segunda a sexta das 08:00 Ã s 18:00! Obrigada"""
5511999061604;"""â€ŽInstituto Basis agradece seu contato. Como podemos ajudar?"""
5511964870408;"""ConsultÃ³rio Dra FlÃ¡via Bognar agradece seu contato. Como podemos ajudar?"""
5511968545061;"""A MÃ©dica Veterinaria Dra.PatrÃ­cia agradece seu contato. Como podemos ajudar?"""
5511968656575;
5511968661801;
5511964950541;
5511968582725;
5511968571183;"""A LM Frotas agradece seu contato. Como podemos ajudar?"""
5511968595933;"""*[Mensagem automÃ¡tica]*OlÃ¡! Seja bem-vindo(a)! -> Departamento de Reservas do LÃª Premier SuÃ­tes agradece o seu contato! Como podemos ajudar?"" -> "
5511968579024;"""DÃ¡ para me informar quem Ã© por gentileza ficar mandando esse tipo de coisa para mim nÃ£o autorizo"""
5511969016194;
5511968827825;
5511969046063;
5511969003000;"""Agradecemos o seu contato! Como podemos ajudar? Caso queira agendar uma consulta, solicitamos que entre em contato pelo telefone (11)4522-3770.Obrigada!!"" -> "
5511969003000;"""Agradecemos o seu contato! Como podemos ajudar? Caso queira agendar uma consulta, solicitamos que entre em contato pelo telefone (11)4522-3770.Obrigada!"" -> "
5511969020650;"""OlÃ¡! Obrigado pelo contato! -> Te responderei o mais breve possÃ­vel. ->  -> Para status de pedidos por favor ligue para 011 3045 4011 opÃ§Ã£o 1 ->  -> Para suporte por favor ligue para  011 3045 4011 opÃ§Ã£o 3 ->  -> Caso prefira tambÃ©m, vocÃª pode enviar os dados da sua aplicaÃ§Ã£o que jÃ¡ vejo logo em seguida ->  -> Obs.: Essa Ã© uma *mensagem automÃ¡tica* ->  -> Atenciosamente  -> Lauro Aguiar  -> lauro.aguiar@keyence.com.br"" -> "
5511969092664;"""OlÃ¡ obrigado pelo contato,  em que posso te ajudar? -> ðŸ‡§ðŸ‡· MR EMBREAGENS ðŸ‡§ðŸ‡· -> WWW.MREMBREAGEM.COM.BR"" -> "
5511970884729;"""â€ŽImperator  ImÃ³veis agradece seu contato. Como podemos ajudar?"""
5511969118337;
5511968823135;"""Oi ->  Neo Tattoo Ink agradece seu contato. Como podemos ajudar?   ->  -> Diga seu nome por favor para poder agendar ? ->  -> Trabalho com dia e horÃ¡rio marcado  ->  -> Me fale o local que deseja tatuar.E me mande um tamanho em centimetros que deseja tatuar ->  ->  -> Caso vocÃª nÃ£o termine ou nÃ£o conseguir fazer a tatuagem Ã© cobrado um outro valor para prÃ³xima sessÃ£o ->  -> Valor de sinal  a agendar  via pix sera cobrado e sera abatido na sua tatuagem. """"Valor do sinal nÃ£o serÃ¡ ressarcido caso cliente nÃ£o venha """"."" -> "
5511969091311;
5511970878800;"""OlÃ¡, tudo bem? -> A MM26 agradece o seu contato! ->  -> Em que podemos te ajudar?"" -> "
5511970876964;"""ðŸ˜±ðŸ˜±ðŸ˜±ðŸ˜±"""
5511970874119;
5511970874119;"""valeu man"""
5511968818693;"""NÃ£o entendi"""
5511970915123;
5511970905300;"""OlÃ¡! Obrigada por entrar em contato com a Colombo Urologia. Vamos responder o mais breve possÃ­vel. Como posso ajudar?"""
5511970957850;
5511970905526;"""â€ŽRodrigues Odontologia Integrada agradece seu contato. atÃ© demos em horÃ¡rio comercial das 9h Ã s 17h. Fechamos para almoÃ§o das 12h Ã s 13h. Identifique seu nome completo.Como podemos ajudar?"""
5511970963090;
5511970911482;"""Seja bem-vindo(a) a Lmed Medicina e SeguranÃ§a do Trabalho!  -> Mudamos nosso telefone comercial.  ->  -> Chame no 96444-0286 ->  -> ðŸ˜ŠðŸ’™ Obrigada."" -> "
5511970891256;
5511970956429;"""Q diabÃ©isso"""
5511970902418;??
5511970918342;"""Bem vindo (a)!"""
5511970921511;
5511970944566;Joia
5511970939645;"""NÃ£o me manda mais mensagem por favor!"""
5511970939645;"""Eu nÃ£o moro aÃ­,"""
5511970927901;
5511971018904;
5511970925909;
5511970943080;
5511971090256;
5511971119700;"""Agradecemos a sua mensagem. NÃ£o estamos disponÃ­veis no momento.Responderemos assim que possÃ­vel. ->  -> âš âš âš âš âš âš  -> HorÃ¡rio  de funcionamento  de terÃ§a a domingo das 18hs as 00hs. ->  -> PIZZARIA BORDA RECHEADA"" -> "
5511971086265;"""OlÃ¡! Obrigado pela sua mensagem. Neste momento estou indisponÃ­vel. Entro em contato assim que possÃ­vel. -> *Thiago* â€¢ Louis Vuitton Iguatemi"" -> "
5511971088282;"""Agradecemos sua mensagem. NÃ£o estamos disponÃ­veis no momento, mas responderemos assim que possÃ­vel."""
5511971084829;"""â€ŽAlves Pinturas e Acabamentos agradece seu contato. Como podemos ajudÃ¡-lo?"""
5511971090369;
5511971081516;"""A SOLUÃ‡Ã•ES DECOR agradece seu contato. Como podemos ajudar?"""
5511971080632;
5511971079063;"""A Equipe do Buffet Santana agradece o seu contato e serÃ¡ um prazer estar ajudando na organizaÃ§Ã£o dessa festa!"""
5511971083550;
5511971083550;
5511970681041;"""OlÃ¡, seja bem vindo(a) ao Alameda Pizza Bar!!!  *Nossos atendentes podem demorar atÃ© 15min para te responder, pois a demanda de mensagens por aqui Ã© muito alta.* Para ver nosso cardÃ¡pio e fazer seu pedido mais rÃ¡pido e sÃ³ acessar nosso site ou APPs HorÃ¡rio de Funcionamento TerÃ§a a Domingo: das 11h Ã¡s 22h29Segundas nÃ£o abrimos!Site: alamedapizzabar.menudino.comAndroid: https://menudino.com/alamedapizzabar?app=androidIOS: https://menudino.com/alamedapizzabar?app=ios"""
5511970298523;
5511970243903;"""â€ŽImÃ³veis Girassol agradece seu contato. Como podemos ajudar?"""
5511970669407;"""OlÃ¡ ðŸ˜Š -> Seja bem vindo (a) Ã  Emulzint. -> AgradeÃ§o sua mensagem.  -> Responderei o mais breve possÃ­vel.  ->  -> Vanessa Godoi"" -> "
5511971099183;
5511971041951;
5511971055632;
5511971051991;"""â€ŽURT BRASIL agradece seu contato. Como podemos ajudar?"""
5511971067919;"""Naiara Mimos agradece seu contato. Como podemos ajudar?"""
5511971014501;
5511971012450;Sair
5511971093752;
5511971128928;"""â€Ž*Advocacia Fulachio* agradece o seu contato! -> Para agilizarmos nosso atendimento, informe por gentileza a Ã¡rea em que posso te auxiliar:  ->  -> *1-* Direito PrevidenciÃ¡rio; -> *2-* Direito de TrÃ¢nsito; -> *3-* Direito Trabalhista; -> *4-* Outros.  ->  -> Em breve, te responderemos."" -> "
5511971139402;"""OlÃ¡!Aqui Ã© da Kroll construÃ§Ãµes como podemos ajudar?"""
5511971279462;
5511975931196;
5511971093699;
5511970753423;
5511970797051;
5511971030363;Obrigada
5511971030363;"""Boa tarde"""
5511971036870;
5511971026468;"""Prezados clientes,  atendimento via whatsapp de segunda Ã  sexta das 9 Ã s 17 horas, exceto feriados . Grata."""
5511971026468;"""AgradeÃ§o o contato. Atendimento de segunda Ã  sexta das 9 Ã s 17 horas. Deixe seu recado e retornarei.Obrigada. Dra Ana Laura Aguiar"""
5511968639293;"""Que Ã³timo espero que seja acessÃ­vel para cadeirantes pq precisamos Ã© muito"""
5511969213024;"""Ola tudo bem  ? Espero que sim !!! meu nome Ã© Bruno sou representante comercial dos apk p2p e iptv ->  -> Como funciona : disponibilizamos um apk para sua tv smart , Android ou seu aparelho tv box , e lÃ¡ geramos um login e senha de acesso   ->  -> Nosso sistema conta com mais de 170 mil conteÃºdos entre canais , filmes e sÃ©ries . ->  -> -Bruno nÃ£o tenho tv smart sÃ³ de tubo como faÃ§o ? ->  -> -temos  disponÃ­vel para venda o aparelho tv box que transforma sua tv em smart . ->  -> Valor do aplicativo 40  reais mensais  ->  -> Breve de atendemos!"" -> "
5511968564618;?
5511968580410;"""â€ŽEscritÃ³rio Paulista agradece seu contato. Como podemos ajudar? -> nosso horario Ã© de segunda a sexta 8:00 as 12:00 e das 13:00 as 17:30 hrs."" -> "
5511968576741;
5511968596299;"""Adesivos Monte Negro. NÃ£o estamos disponÃ­veis no momento, mas responderemos assim que possÃ­vel."""
5511968596299;"""OlÃ¡! Seja bem-vindo(a) Adesivos Monte Negro. Nossos Adesivos sÃ£o em Vinil de recorte, Encomendas somente com 50% de entrada"""
5511969084844;"""AgradeÃ§o  sua mensagem. NÃ£o estou disponÃ­vel nesse mÃªs , mas responderei assim que possÃ­vel."""
5511970176729;
5511969685246;"""VocÃª estÃ¡ aqui para aprender sobre o trabalho e, antes de comeÃ§ar, pode me dizer quantos anos vocÃª tem?"""
5511969685246;"""OlÃ¡, sou Angel da Shopify."""
5511969079400;
5511969063946;
5511969066927;"""â€ŽPanda DireÃ§Ãµes agradece seu contato. Como podemos ajudar?"""
5511969122208;"""Eu moro em Salto,sp"""
5511969122208;"""Acho  q vc add ertado"""
5511969122208;"""OlÃ¡  boa tarde"""
5511969128627;?
5511968601952;
5511968601952;
5511970887583;?????
5511970884937;
5511970842226;
5511970554428;
5511970587152;"""ATENÃ‡ÃƒO: Essa Ã© uma mensagem automÃ¡tica. -> HorÃ¡rio de atendimento para orÃ§amentos de segunda a quinta das 8:00h Ã s 18:00h. -> Sexta, sÃ¡bado e domingo nÃ£o respondo whatsapp por conta do fluxo de festas."" -> "
5511970587152;"""Bem vindo (a)  Ã  KÃ¡tia Leite Arte com BalÃµes.Estou ansiosa para atendÃª-lo (a) -> Para agilizar nosso atendimento por gentileza informe: -> Seu Nome -> Tema da festa -> Data  -> HorÃ¡rio -> Local.  -> Entre em minha pÃ¡gina no Facebook  e Instagram para conhecer melhor meu trabalho  -> Instagram.com/katialeiteartecombaloes -> https://www.facebook.com/makamaleoeventos/"" -> "
